{
  "version": 1,
  "author": "Yousaf Siddiqui",
  "editor": "wokwi",
  "parts": [
    { "type": "wokwi-esp32-devkit-v1", "id": "esp", "top": 84.07, "left": 117.42, "attrs": {} },
    {
      "type": "wokwi-pushbutton",
      "id": "btn1",
      "top": 104.76,
      "left": -8.09,
      "attrs": { "color": "green" }
    },
    { "type": "board-ssd1306", "id": "oled1", "top": 268, "left": 371.53, "attrs": {} },
    { "type": "wokwi-dht22", "id": "dht1", "top": -27.25, "left": 305.26, "attrs": {} },
    {
      "type": "wokwi-resistor",
      "id": "r1",
      "top": 129.77,
      "left": 336.52,
      "rotate": 90,
      "attrs": { "value": "1000" }
    },
    {
      "type": "wokwi-resistor",
      "id": "r2",
      "top": 56.89,
      "left": -17.35,
      "attrs": { "value": "1000" }
    }
  ],
  "connections": [
    [ "esp:TX0", "$serialMonitor:RX", "", [] ],
    [ "esp:RX0", "$serialMonitor:TX", "", [] ],
    [ "oled1:GND", "esp:GND.1", "black", [ "v0" ] ],
    [ "oled1:VCC", "esp:3V3", "red", [ "v0" ] ],
    [ "oled1:SCL", "esp:D22", "green", [ "v0" ] ],
    [ "oled1:SDA", "esp:D21", "green", [ "v0" ] ],
    [ "esp:D34", "btn1:1.r", "green", [ "h0" ] ],
    [ "dht1:SDA", "r1:1", "green", [ "v0" ] ],
    [ "dht1:GND", "esp:GND.1", "black", [ "v0" ] ],
    [ "dht1:VCC", "esp:3V3", "red", [ "v0" ] ],
    [ "r1:1", "esp:D18", "green", [ "h0" ] ],
    [ "r1:2", "dht1:VCC", "green", [ "h0" ] ],
    [ "btn1:2.l", "esp:3V3", "green", [ "h-8.52", "v89.9" ] ],
    [ "r2:2", "btn1:1.r", "green", [ "v0" ] ],
    [ "r2:1", "esp:GND.1", "green", [ "v0" ] ]
  ]
}